name,mw_shifted,steam_mlbhr,pct_spare_used,fits_spare,pct_zone_j,peakers,co2_tons,tons_cooling
1 — BOTH buildings fully shift to steam cooling,374.569,5325.120841626386,63.273774258868656,True,3.442729779411765,1.872845,131848.28800000003,532512.0841626386
2 — 50% of BOTH buildings shift 50% of cooling,93.64225,1331.2802104065966,15.818443564717164,True,0.8606824448529412,0.46821125,32962.07200000001,133128.02104065966
3 — All BOTH + ELECTRIC_ONLY shift to steam cooling,810.991,11529.58487347171,136.9960179832665,False,7.453961397058824,4.054955,285468.832,1152958.487347171
3b — Realistic expansion,195.01612500000002,2772.478319590561,32.94294581262549,True,1.7924276194852942,0.975080625,68645.676,277247.8319590561
